Workbook

Sheet Getting Started
A1: Homeschool Curriculum Planner
A2: Getting Started · School & Student Information
B4: SCHOOL YEAR SETTINGS
B5: School Name: | C5: Westfield Academy
B6: School Year: | C6: 2025-2026
B7: School Days / Week: | C7: 5
B9: Semester 1 · September – December
B10: Sem 1 Start Date: | G10: ← MM/DD/YYYY
B11: Sem 1 End Date: | G11: ← MM/DD/YYYY
B12: Sem 1 Break Start: | G12: ← optional (e.g. Thanksgiving)
B13: Sem 1 Break End: | G13: ← optional
B14: Sem 1 Break Weeks: | C14: =IFERROR(IF(OR(C12="",C13=""),0,ROUNDDOWN((C13-C12)/7,0)),0) | G14: ← auto
B15: Sem 1 School Weeks: | C15: =IFERROR(ROUNDDOWN((C11-C10)/7,0)-C14,"") | G15: ← auto (total minus break)
B17: Semester 2 · January – May
B18: Sem 2 Start Date: | G18: ← MM/DD/YYYY
B19: Sem 2 End Date: | G19: ← MM/DD/YYYY
B20: Sem 2 Break Start: | G20: ← optional (e.g. Spring / Easter)
B21: Sem 2 Break End: | G21: ← optional
B22: Sem 2 Break Weeks: | C22: =IFERROR(IF(OR(C20="",C21=""),0,ROUNDDOWN((C21-C20)/7,0)),0) | G22: ← auto
B23: Sem 2 School Weeks: | C23: =IFERROR(ROUNDDOWN((C19-C18)/7,0)-C22,"") | G23: ← auto (total minus break)
B25: Total School Weeks: | C25: =IFERROR(C15+C23,"") | G25: ← Sem 1 + Sem 2 (breaks excluded)
A27: STUDENT ROSTER
A28: # | B28: Student Name | D28: Date of Birth | E28: Class of (Grad Year) | F28: Grade (Auto) | G28: Curriculum Notes
A29: 1 | F29: =IF(OR(B29="",E29=""),"",LET(yr,IF($C$19<>"",YEAR($C$19),IF($C$6<>"",VALUE(RIGHT($C$6,4)),YEAR(TODAY()))),g,12-(E29-yr),IF(g=11,"11th",IF(g=12,"12th",IF(g=1,"1st",IF(g=2,"2nd",IF(g=3,"3rd",g&"th")))))))
A30: 2 | F30: =IF(OR(B30="",E30=""),"",LET(yr,IF($C$19<>"",YEAR($C$19),IF($C$6<>"",VALUE(RIGHT($C$6,4)),YEAR(TODAY()))),g,12-(E30-yr),IF(g=11,"11th",IF(g=12,"12th",IF(g=1,"1st",IF(g=2,"2nd",IF(g=3,"3rd",g&"th")))))))
A31: 3 | F31: =IF(OR(B31="",E31=""),"",LET(yr,IF($C$19<>"",YEAR($C$19),IF($C$6<>"",VALUE(RIGHT($C$6,4)),YEAR(TODAY()))),g,12-(E31-yr),IF(g=11,"11th",IF(g=12,"12th",IF(g=1,"1st",IF(g=2,"2nd",IF(g=3,"3rd",g&"th")))))))
A32: 4 | F32: =IF(OR(B32="",E32=""),"",LET(yr,IF($C$19<>"",YEAR($C$19),IF($C$6<>"",VALUE(RIGHT($C$6,4)),YEAR(TODAY()))),g,12-(E32-yr),IF(g=11,"11th",IF(g=12,"12th",IF(g=1,"1st",IF(g=2,"2nd",IF(g=3,"3rd",g&"th")))))))
A33: 5 | F33: =IF(OR(B33="",E33=""),"",LET(yr,IF($C$19<>"",YEAR($C$19),IF($C$6<>"",VALUE(RIGHT($C$6,4)),YEAR(TODAY()))),g,12-(E33-yr),IF(g=11,"11th",IF(g=12,"12th",IF(g=1,"1st",IF(g=2,"2nd",IF(g=3,"3rd",g&"th")))))))
A34: 6 | F34: =IF(OR(B34="",E34=""),"",LET(yr,IF($C$19<>"",YEAR($C$19),IF($C$6<>"",VALUE(RIGHT($C$6,4)),YEAR(TODAY()))),g,12-(E34-yr),IF(g=11,"11th",IF(g=12,"12th",IF(g=1,"1st",IF(g=2,"2nd",IF(g=3,"3rd",g&"th")))))))
A35: 7 | F35: =IF(OR(B35="",E35=""),"",LET(yr,IF($C$19<>"",YEAR($C$19),IF($C$6<>"",VALUE(RIGHT($C$6,4)),YEAR(TODAY()))),g,12-(E35-yr),IF(g=11,"11th",IF(g=12,"12th",IF(g=1,"1st",IF(g=2,"2nd",IF(g=3,"3rd",g&"th")))))))
A36: 8 | F36: =IF(OR(B36="",E36=""),"",LET(yr,IF($C$19<>"",YEAR($C$19),IF($C$6<>"",VALUE(RIGHT($C$6,4)),YEAR(TODAY()))),g,12-(E36-yr),IF(g=11,"11th",IF(g=12,"12th",IF(g=1,"1st",IF(g=2,"2nd",IF(g=3,"3rd",g&"th")))))))
A37: 9 | F37: =IF(OR(B37="",E37=""),"",LET(yr,IF($C$19<>"",YEAR($C$19),IF($C$6<>"",VALUE(RIGHT($C$6,4)),YEAR(TODAY()))),g,12-(E37-yr),IF(g=11,"11th",IF(g=12,"12th",IF(g=1,"1st",IF(g=2,"2nd",IF(g=3,"3rd",g&"th")))))))
A38: 10 | F38: =IF(OR(B38="",E38=""),"",LET(yr,IF($C$19<>"",YEAR($C$19),IF($C$6<>"",VALUE(RIGHT($C$6,4)),YEAR(TODAY()))),g,12-(E38-yr),IF(g=11,"11th",IF(g=12,"12th",IF(g=1,"1st",IF(g=2,"2nd",IF(g=3,"3rd",g&"th")))))))
A40: QUICK START GUIDE
A41: 1. Set semester dates above (Sem 1 and Sem 2) — week counts auto-calculate.
A42: 2. Enter each student's name, DOB, and graduation year — grade fills automatically.
A43: 3. Go to the Course Content tab to assign curricula to each student.
A44: 4. Each student's individual schedule tab will auto-populate from Course Content.

Sheet Course Content
A1: Course Content · Curriculum Planning Hub
A2: Each subject has two curriculum slots. Group Studies apply to all students. Use the ＋ / − buttons on the left to expand or collapse each student.
A4: Tip: click the − button beside a student's name to collapse their rows. Expand only the student you're currently planning for.
A5: Subject | B5: ── Curriculum Slot 1 ── | G5: ── Curriculum Slot 2 ──
B6: Title / Book | C6: Unit Type | D6: Sem 1 Units | E6: Sem 2 Units | G6: Title / Book | H6: Unit Type | I6: Sem 1 Units | J6: Sem 2 Units
A7: GROUP STUDIES · Applies to All Students
A8: Bible | C8: pages | H8: pages
A9: Math | C9: pages | H9: pages
A10: English / Language Arts | C10: pages | H10: pages
A11: Reading | C11: pages | H11: pages
A12: Writing / Composition | C12: pages | H12: pages
A13: Science | C13: pages | H13: pages
A14: Social Studies / History | C14: pages | H14: pages
A15: Health | C15: pages | H15: pages
A16: Physical Education | C16: pages | H16: pages
A17: Art / Music | C17: pages | H17: pages
A18: Elective / Other 1 | C18: pages | H18: pages
A19: Elective / Other 2 | C19: pages | H19: pages
... A21: Elective / Other 4 | C21: pages | H21: pages
A23: =IF('Getting Started'!B29<>""," "&UPPER('Getting Started'!B29)&" · "&'Getting Started'!F29," STUDENT 1")
A24: Bible | C24: pages | H24: pages
A25: Math | C25: pages | H25: pages
A26: English / Language Arts | C26: pages | H26: pages
A27: Reading | C27: pages | H27: pages
A28: Writing / Composition | C28: pages | H28: pages
A29: Science | C29: pages | H29: pages
A30: Social Studies / History | C30: pages | H30: pages
A31: Health | C31: pages | H31: pages
A32: Physical Education | C32: pages | H32: pages
A33: Art / Music | C33: pages | H33: pages
A34: Elective / Other 1 | C34: pages | H34: pages
A35: Elective / Other 2 | C35: pages | H35: pages
... A37: Elective / Other 4 | C37: pages | H37: pages
A39: =IF('Getting Started'!B30<>""," "&UPPER('Getting Started'!B30)&" · "&'Getting Started'!F30," STUDENT 2")
A40: Bible | C40: pages | H40: pages
A41: Math | C41: pages | H41: pages
A42: English / Language Arts | C42: pages | H42: pages
A43: Reading | C43: pages | H43: pages
A44: Writing / Composition | C44: pages | H44: pages
A45: Science | C45: pages | H45: pages
A46: Social Studies / History | C46: pages | H46: pages
A47: Health | C47: pages | H47: pages
A48: Physical Education | C48: pages | H48: pages
A49: Art / Music | C49: pages | H49: pages
A50: Elective / Other 1 | C50: pages | H50: pages
A51: Elective / Other 2 | C51: pages | H51: pages
... A53: Elective / Other 4 | C53: pages | H53: pages
A55: =IF('Getting Started'!B31<>""," "&UPPER('Getting Started'!B31)&" · "&'Getting Started'!F31," STUDENT 3")
A56: Bible | C56: pages | H56: pages
A57: Math | C57: pages | H57: pages
A58: English / Language Arts | C58: pages | H58: pages
A59: Reading | C59: pages | H59: pages
A60: Writing / Composition | C60: pages | H60: pages
A61: Science | C61: pages | H61: pages
A62: Social Studies / History | C62: pages | H62: pages
A63: Health | C63: pages | H63: pages
A64: Physical Education | C64: pages | H64: pages
A65: Art / Music | C65: pages | H65: pages
A66: Elective / Other 1 | C66: pages | H66: pages
A67: Elective / Other 2 | C67: pages | H67: pages
... A69: Elective / Other 4 | C69: pages | H69: pages
A71: =IF('Getting Started'!B32<>""," "&UPPER('Getting Started'!B32)&" · "&'Getting Started'!F32," STUDENT 4")
A72: Bible | C72: pages | H72: pages
A73: Math | C73: pages | H73: pages
A74: English / Language Arts | C74: pages | H74: pages
A75: Reading | C75: pages | H75: pages
A76: Writing / Composition | C76: pages | H76: pages
A77: Science | C77: pages | H77: pages
A78: Social Studies / History | C78: pages | H78: pages
A79: Health | C79: pages | H79: pages
A80: Physical Education | C80: pages | H80: pages
A81: Art / Music | C81: pages | H81: pages
A82: Elective / Other 1 | C82: pages | H82: pages
A83: Elective / Other 2 | C83: pages | H83: pages
... A85: Elective / Other 4 | C85: pages | H85: pages
A87: =IF('Getting Started'!B33<>""," "&UPPER('Getting Started'!B33)&" · "&'Getting Started'!F33," STUDENT 5")
A88: Bible | C88: pages | H88: pages
A89: Math | C89: pages | H89: pages
A90: English / Language Arts | C90: pages | H90: pages
A91: Reading | C91: pages | H91: pages
A92: Writing / Composition | C92: pages | H92: pages
A93: Science | C93: pages | H93: pages
A94: Social Studies / History | C94: pages | H94: pages
A95: Health | C95: pages | H95: pages
A96: Physical Education | C96: pages | H96: pages
A97: Art / Music | C97: pages | H97: pages
A98: Elective / Other 1 | C98: pages | H98: pages
A99: Elective / Other 2 | C99: pages | H99: pages
... A101: Elective / Other 4 | C101: pages | H101: pages
A103: =IF('Getting Started'!B34<>""," "&UPPER('Getting Started'!B34)&" · "&'Getting Started'!F34," STUDENT 6")
A104: Bible | C104: pages | H104: pages
A105: Math | C105: pages | H105: pages
A106: English / Language Arts | C106: pages | H106: pages
A107: Reading | C107: pages | H107: pages
A108: Writing / Composition | C108: pages | H108: pages
A109: Science | C109: pages | H109: pages
A110: Social Studies / History | C110: pages | H110: pages
A111: Health | C111: pages | H111: pages
A112: Physical Education | C112: pages | H112: pages
A113: Art / Music | C113: pages | H113: pages
...

Sheet Student 1
A1: =IF('Getting Started'!B29="","Student 1",'Getting Started'!B29)
A2: =IFERROR("Grade: "&'Getting Started'!F29&" · School Year: "&'Getting Started'!C6,"")
A4: =IFERROR("SEMESTER 1 "&TEXT('Getting Started'!C10,"MMM D")&" – "&TEXT('Getting Started'!C11,"MMM D, YYYY")&" ("&'Getting Started'!C15&" wks)","SEMESTER 1") | G4: =IFERROR("SEMESTER 2 "&TEXT('Getting Started'!C18,"MMM D")&" – "&TEXT('Getting Started'!C19,"MMM D, YYYY")&" ("&'Getting Started'!C23&" wks)","SEMESTER 2")
A5: Subject / Curriculum | B5: Sem 1 Units | C5: / Week | D5: / Day | E5: Est. End | G5: Sem 2 Units | H5: / Week | I5: / Day | J5: Est. End
A7: BIBLE | E7: =IFERROR(IF('Course Content'!B24="","← enter on Course Content tab",'Course Content'!B24),"")
B8: ='Course Content'!D24 | C8: =IFERROR(IF(B8="","",ROUND(B8/'Getting Started'!C15,1)),"") | D8: =IFERROR(IF(C8="","",ROUND(C8/'Getting Started'!C7,1)),"") | E8: =IFERROR(IF(B8="","",TEXT('Getting Started'!C10+(B8/D8),"MMM D, YYYY")),"") | G8: ='Course Content'!E24 | H8: =IFERROR(IF(G8="","",ROUND(G8/'Getting Started'!C23,1)),"") | I8: =IFERROR(IF(H8="","",ROUND(H8/'Getting Started'!C7,1)),"") | J8: =IFERROR(IF(G8="","",TEXT('Getting Started'!C18+(G8/I8),"MMM D, YYYY")),"")
A9: Component Breakdown (optional — use for multi-volume curricula)
A10: # | B10: Book / Component Title | F10: Units | G10: Cumul. | H10: Start Week | I10: End Week | J10: Est. Dates
A11: 1 | G11: =IFERROR(SUM(F11:F11),"") | H11: =IF(F11="","",1) | I11: =IFERROR(IF(F11="","",CEILING(G11/((IFERROR(B8,0)+IFERROR(G8,0))/(IFERROR('Getting Started'!C15,0)+IFERROR('Getting Started'!C23,0))),1)),"") | J11: =IFERROR(IF(F11="","",TEXT('Getting Started'!C10+(H11-1)*7,"MMM D")&" – "&TEXT('Getting Started'!C10+I11*7,"MMM D")),"")
A12: 2 | G12: =IFERROR(SUM(F11:F12),"") | H12: =IFERROR(IF(F12="","",FLOOR(G11/((IFERROR(B8,0)+IFERROR(G8,0))/(IFERROR('Getting Started'!C15,0)+IFERROR('Getting Started'!C23,0))),1)+1),"") | I12: =IFERROR(IF(F12="","",CEILING(G12/((IFERROR(B8,0)+IFERROR(G8,0))/(IFERROR('Getting Started'!C15,0)+IFERROR('Getting Started'!C23,0))),1)),"") | J12: =IFERROR(IF(F12="","",TEXT('Getting Started'!C10+(H12-1)*7,"MMM D")&" – "&TEXT('Getting Started'!C10+I12*7,"MMM D")),"")
A13: 3 | G13: =IFERROR(SUM(F11:F13),"") | H13: =IFERROR(IF(F13="","",FLOOR(G12/((IFERROR(B8,0)+IFERROR(G8,0))/(IFERROR('Getting Started'!C15,0)+IFERROR('Getting Started'!C23,0))),1)+1),"") | I13: =IFERROR(IF(F13="","",CEILING(G13/((IFERROR(B8,0)+IFERROR(G8,0))/(IFERROR('Getting Started'!C15,0)+IFERROR('Getting Started'!C23,0))),1)),"") | J13: =IFERROR(IF(F13="","",TEXT('Getting Started'!C10+(H13-1)*7,"MMM D")&" – "&TEXT('Getting Started'!C10+I13*7,"MMM D")),"")
A14: 4 | G14: =IFERROR(SUM(F11:F14),"") | H14: =IFERROR(IF(F14="","",FLOOR(G13/((IFERROR(B8,0)+IFERROR(G8,0))/(IFERROR('Getting Started'!C15,0)+IFERROR('Getting Started'!C23,0))),1)+1),"") | I14: =IFERROR(IF(F14="","",CEILING(G14/((IFERROR(B8,0)+IFERROR(G8,0))/(IFERROR('Getting Started'!C15,0)+IFERROR('Getting Started'!C23,0))),1)),"") | J14: =IFERROR(IF(F14="","",TEXT('Getting Started'!C10+(H14-1)*7,"MMM D")&" – "&TEXT('Getting Started'!C10+I14*7,"MMM D")),"")
A15: 5 | G15: =IFERROR(SUM(F11:F15),"") | H15: =IFERROR(IF(F15="","",FLOOR(G14/((IFERROR(B8,0)+IFERROR(G8,0))/(IFERROR('Getting Started'!C15,0)+IFERROR('Getting Started'!C23,0))),1)+1),"") | I15: =IFERROR(IF(F15="","",CEILING(G15/((IFERROR(B8,0)+IFERROR(G8,0))/(IFERROR('Getting Started'!C15,0)+IFERROR('Getting Started'!C23,0))),1)),"") | J15: =IFERROR(IF(F15="","",TEXT('Getting Started'!C10+(H15-1)*7,"MMM D")&" – "&TEXT('Getting Started'!C10+I15*7,"MMM D")),"")
A16: 6 | G16: =IFERROR(SUM(F11:F16),"") | H16: =IFERROR(IF(F16="","",FLOOR(G15/((IFERROR(B8,0)+IFERROR(G8,0))/(IFERROR('Getting Started'!C15,0)+IFERROR('Getting Started'!C23,0))),1)+1),"") | I16: =IFERROR(IF(F16="","",CEILING(G16/((IFERROR(B8,0)+IFERROR(G8,0))/(IFERROR('Getting Started'!C15,0)+IFERROR('Getting Started'!C23,0))),1)),"") | J16: =IFERROR(IF(F16="","",TEXT('Getting Started'!C10+(H16-1)*7,"MMM D")&" – "&TEXT('Getting Started'!C10+I16*7,"MMM D")),"")
A19: MATH | E19: =IFERROR(IF('Course Content'!B25="","← enter on Course Content tab",'Course Content'!B25),"")
B20: ='Course Content'!D25 | C20: =IFERROR(IF(B20="","",ROUND(B20/'Getting Started'!C15,1)),"") | D20: =IFERROR(IF(C20="","",ROUND(C20/'Getting Started'!C7,1)),"") | E20: =IFERROR(IF(B20="","",TEXT('Getting Started'!C10+(B20/D20),"MMM D, YYYY")),"") | G20: ='Course Content'!E25 | H20: =IFERROR(IF(G20="","",ROUND(G20/'Getting Started'!C23,1)),"") | I20: =IFERROR(IF(H20="","",ROUND(H20/'Getting Started'!C7,1)),"") | J20: =IFERROR(IF(G20="","",TEXT('Getting Started'!C18+(G20/I20),"MMM D, YYYY")),"")
A21: Component Breakdown (optional — use for multi-volume curricula)
A22: # | B22: Book / Component Title | F22: Units | G22: Cumul. | H22: Start Week | I22: End Week | J22: Est. Dates
A23: 1 | G23: =IFERROR(SUM(F23:F23),"") | H23: =IF(F23="","",1) | I23: =IFERROR(IF(F23="","",CEILING(G23/((IFERROR(B20,0)+IFERROR(G20,0))/(IFERROR('Getting Started'!C15,0)+IFERROR('Getting Started'!C23,0))),1)),"") | J23: =IFERROR(IF(F23="","",TEXT('Getting Started'!C10+(H23-1)*7,"MMM D")&" – "&TEXT('Getting Started'!C10+I23*7,"MMM D")),"")
A24: 2 | G24: =IFERROR(SUM(F23:F24),"") | H24: =IFERROR(IF(F24="","",FLOOR(G23/((IFERROR(B20,0)+IFERROR(G20,0))/(IFERROR('Getting Started'!C15,0)+IFERROR('Getting Started'!C23,0))),1)+1),"") | I24: =IFERROR(IF(F24="","",CEILING(G24/((IFERROR(B20,0)+IFERROR(G20,0))/(IFERROR('Getting Started'!C15,0)+IFERROR('Getting Started'!C23,0))),1)),"") | J24: =IFERROR(IF(F24="","",TEXT('Getting Started'!C10+(H24-1)*7,"MMM D")&" – "&TEXT('Getting Started'!C10+I24*7,"MMM D")),"")
A25: 3 | G25: =IFERROR(SUM(F23:F25),"") | H25: =IFERROR(IF(F25="","",FLOOR(G24/((IFERROR(B20,0)+IFERROR(G20,0))/(IFERROR('Getting Started'!C15,0)+IFERROR('Getting Started'!C23,0))),1)+1),"") | I25: =IFERROR(IF(F25="","",CEILING(G25/((IFERROR(B20,0)+IFERROR(G20,0))/(IFERROR('Getting Started'!C15,0)+IFERROR('Getting Started'!C23,0))),1)),"") | J25: =IFERROR(IF(F25="","",TEXT('Getting Started'!C10+(H25-1)*7,"MMM D")&" – "&TEXT('Getting Started'!C10+I25*7,"MMM D")),"")
A26: 4 | G26: =IFERROR(SUM(F23:F26),"") | H26: =IFERROR(IF(F26="","",FLOOR(G25/((IFERROR(B20,0)+IFERROR(G20,0))/(IFERROR('Getting Started'!C15,0)+IFERROR('Getting Started'!C23,0))),1)+1),"") | I26: =IFERROR(IF(F26="","",CEILING(G26/((IFERROR(B20,0)+IFERROR(G20,0))/(IFERROR('Getting Started'!C15,0)+IFERROR('Getting Started'!C23,0))),1)),"") | J26: =IFERROR(IF(F26="","",TEXT('Getting Started'!C10+(H26-1)*7,"MMM D")&" – "&TEXT('Getting Started'!C10+I26*7,"MMM D")),"")
A27: 5 | G27: =IFERROR(SUM(F23:F27),"") | H27: =IFERROR(IF(F27="","",FLOOR(G26/((IFERROR(B20,0)+IFERROR(G20,0))/(IFERROR('Getting Started'!C15,0)+IFERROR('Getting Started'!C23,0))),1)+1),"") | I27: =IFERROR(IF(F27="","",CEILING(G27/((IFERROR(B20,0)+IFERROR(G20,0))/(IFERROR('Getting Started'!C15,0)+IFERROR('Getting Started'!C23,0))),1)),"") | J27: =IFERROR(IF(F27="","",TEXT('Getting Started'!C10+(H27-1)*7,"MMM D")&" – "&TEXT('Getting Started'!C10+I27*7,"MMM D")),"")
A28: 6 | G28: =IFERROR(SUM(F23:F28),"") | H28: =IFERROR(IF(F28="","",FLOOR(G27/((IFERROR(B20,0)+IFERROR(G20,0))/(IFERROR('Getting Started'!C15,0)+IFERROR('Getting Started'!C23,0))),1)+1),"") | I28: =IFERROR(IF(F28="","",CEILING(G28/((IFERROR(B20,0)+IFERROR(G20,0))/(IFERROR('Getting Started'!C15,0)+IFERROR('Getting Started'!C23,0))),1)),"") | J28: =IFERROR(IF(F28="","",TEXT('Getting Started'!C10+(H28-1)*7,"MMM D")&" – "&TEXT('Getting Started'!C10+I28*7,"MMM D")),"")
A31: ENGLISH / LANGUAGE ARTS | E31: =IFERROR(IF('Course Content'!B26="","← enter on Course Content tab",'Course Content'!B26),"")
B32: ='Course Content'!D26 | C32: =IFERROR(IF(B32="","",ROUND(B32/'Getting Started'!C15,1)),"") | D32: =IFERROR(IF(C32="","",ROUND(C32/'Getting Started'!C7,1)),"") | E32: =IFERROR(IF(B32="","",TEXT('Getting Started'!C10+(B32/D32),"MMM D, YYYY")),"") | G32: ='Course Content'!E26 | H32: =IFERROR(IF(G32="","",ROUND(G32/'Getting Started'!C23,1)),"") | I32: =IFERROR(IF(H32="","",ROUND(H32/'Getting Started'!C7,1)),"") | J32: =IFERROR(IF(G32="","",TEXT('Getting Started'!C18+(G32/I32),"MMM D, YYYY")),"")
A33: Component Breakdown (optional — use for multi-volume curricula)
A34: # | B34: Book / Component Title | F34: Units | G34: Cumul. | H34: Start Week | I34: End Week | J34: Est. Dates
A35: 1 | G35: =IFERROR(SUM(F35:F35),"") | H35: =IF(F35="","",1) | I35: =IFERROR(IF(F35="","",CEILING(G35/((IFERROR(B32,0)+IFERROR(G32,0))/(IFERROR('Getting Started'!C15,0)+IFERROR('Getting Started'!C23,0))),1)),"") | J35: =IFERROR(IF(F35="","",TEXT('Getting Started'!C10+(H35-1)*7,"MMM D")&" – "&TEXT('Getting Started'!C10+I35*7,"MMM D")),"")
A36: 2 | G36: =IFERROR(SUM(F35:F36),"") | H36: =IFERROR(IF(F36="","",FLOOR(G35/((IFERROR(B32,0)+IFERROR(G32,0))/(IFERROR('Getting Started'!C15,0)+IFERROR('Getting Started'!C23,0))),1)+1),"") | I36: =IFERROR(IF(F36="","",CEILING(G36/((IFERROR(B32,0)+IFERROR(G32,0))/(IFERROR('Getting Started'!C15,0)+IFERROR('Getting Started'!C23,0))),1)),"") | J36: =IFERROR(IF(F36="","",TEXT('Getting Started'!C10+(H36-1)*7,"MMM D")&" – "&TEXT('Getting Started'!C10+I36*7,"MMM D")),"")
A37: 3 | G37: =IFERROR(SUM(F35:F37),"") | H37: =IFERROR(IF(F37="","",FLOOR(G36/((IFERROR(B32,0)+IFERROR(G32,0))/(IFERROR('Getting Started'!C15,0)+IFERROR('Getting Started'!C23,0))),1)+1),"") | I37: =IFERROR(IF(F37="","",CEILING(G37/((IFERROR(B32,0)+IFERROR(G32,0))/(IFERROR('Getting Started'!C15,0)+IFERROR('Getting Started'!C23,0))),1)),"") | J37: =IFERROR(IF(F37="","",TEXT('Getting Started'!C10+(H37-1)*7,"MMM D")&" – "&TEXT('Getting Started'!C10+I37*7,"MMM D")),"")
A38: 4 | G38: =IFERROR(SUM(F35:F38),"") | H38: =IFERROR(IF(F38="","",FLOOR(G37/((IFERROR(B32,0)+IFERROR(G32,0))/(IFERROR('Getting Started'!C15,0)+IFERROR('Getting Started'!C23,0))),1)+1),"") | I38: =IFERROR(IF(F38="","",CEILING(G38/((IFERROR(B32,0)+IFERROR(G32,0))/(IFERROR('Getting Started'!C15,0)+IFERROR('Getting Started'!C23,0))),1)),"") | J38: =IFERROR(IF(F38="","",TEXT('Getting Started'!C10+(H38-1)*7,"MMM D")&" – "&TEXT('Getting Started'!C10+I38*7,"MMM D")),"")
A39: 5 | G39: =IFERROR(SUM(F35:F39),"") | H39: =IFERROR(IF(F39="","",FLOOR(G38/((IFERROR(B32,0)+IFERROR(G32,0))/(IFERROR('Getting Started'!C15,0)+IFERROR('Getting Started'!C23,0))),1)+1),"") | I39: =IFERROR(IF(F39="","",CEILING(G39/((IFERROR(B32,0)+IFERROR(G32,0))/(IFERROR('Getting Started'!C15,0)+IFERROR('Getting Started'!C23,0))),1)),"") | J39: =IFERROR(IF(F39="","",TEXT('Getting Started'!C10+(H39-1)*7,"MMM D")&" – "&TEXT('Getting Started'!C10+I39*7,"MMM D")),"")
A40: 6 | G40: =IFERROR(SUM(F35:F40),"") | H40: =IFERROR(IF(F40="","",FLOOR(G39/((IFERROR(B32,0)+IFERROR(G32,0))/(IFERROR('Getting Started'!C15,0)+IFERROR('Getting Started'!C23,0))),1)+1),"") | I40: =IFERROR(IF(F40="","",CEILING(G40/((IFERROR(B32,0)+IFERROR(G32,0))/(IFERROR('Getting Started'!C15,0)+IFERROR('Getting Started'!C23,0))),1)),"") | J40: =IFERROR(IF(F40="","",TEXT('Getting Started'!C10+(H40-1)*7,"MMM D")&" – "&TEXT('Getting Started'!C10+I40*7,"MMM D")),"")
A43: READING | E43: =IFERROR(IF('Course Content'!B27="","← enter on Course Content tab",'Course Content'!B27),"")
B44: ='Course Content'!D27 | C44: =IFERROR(IF(B44="","",ROUND(B44/'Getting Started'!C15,1)),"") | D44: =IFERROR(IF(C44="","",ROUND(C44/'Getting Started'!C7,1)),"") | E44: =IFERROR(IF(B44="","",TEXT('Getting Started'!C10+(B44/D44),"MMM D, YYYY")),"") | G44: ='Course Content'!E27 | H44: =IFERROR(IF(G44="","",ROUND(G44/'Getting Started'!C23,1)),"") | I44: =IFERROR(IF(H44="","",ROUND(H44/'Getting Started'!C7,1)),"") | J44: =IFERROR(IF(G44="","",TEXT('Getting Started'!C18+(G44/I44),"MMM D, YYYY")),"")
A45: Component Breakdown (optional — use for multi-volume curricula)
A46: # | B46: Book / Component Title | F46: Units | G46: Cumul. | H46: Start Week | I46: End Week | J46: Est. Dates
A47: 1 | G47: =IFERROR(SUM(F47:F47),"") | H47: =IF(F47="","",1) | I47: =IFERROR(IF(F47="","",CEILING(G47/((IFERROR(B44,0)+IFERROR(G44,0))/(IFERROR('Getting Started'!C15,0)+IFERROR('Getting Started'!C23,0))),1)),"") | J47: =IFERROR(IF(F47="","",TEXT('Getting Started'!C10+(H47-1)*7,"MMM D")&" – "&TEXT('Getting Started'!C10+I47*7,"MMM D")),"")
A48: 2 | G48: =IFERROR(SUM(F47:F48),"") | H48: =IFERROR(IF(F48="","",FLOOR(G47/((IFERROR(B44,0)+IFERROR(G44,0))/(IFERROR('Getting Started'!C15,0)+IFERROR('Getting Started'!C23,0))),1)+1),"") | I48: =IFERROR(IF(F48="","",CEILING(G48/((IFERROR(B44,0)+IFERROR(G44,0))/(IFERROR('Getting Started'!C15,0)+IFERROR('Getting Started'!C23,0))),1)),"") | J48: =IFERROR(IF(F48="","",TEXT('Getting Started'!C10+(H48-1)*7,"MMM D")&" – "&TEXT('Getting Started'!C10+I48*7,"MMM D")),"")
A49: 3 | G49: =IFERROR(SUM(F47:F49),"") | H49: =IFERROR(IF(F49="","",FLOOR(G48/((IFERROR(B44,0)+IFERROR(G44,0))/(IFERROR('Getting Started'!C15,0)+IFERROR('Getting Started'!C23,0))),1)+1),"") | I49: =IFERROR(IF(F49="","",CEILING(G49/((IFERROR(B44,0)+IFERROR(G44,0))/(IFERROR('Getting Started'!C15,0)+IFERROR('Getting Started'!C23,0))),1)),"") | J49: =IFERROR(IF(F49="","",TEXT('Getting Started'!C10+(H49-1)*7,"MMM D")&" – "&TEXT('Getting Started'!C10+I49*7,"MMM D")),"")
A50: 4 | G50: =IFERROR(SUM(F47:F50),"") | H50: =IFERROR(IF(F50="","",FLOOR(G49/((IFERROR(B44,0)+IFERROR(G44,0))/(IFERROR('Getting Started'!C15,0)+IFERROR('Getting Started'!C23,0))),1)+1),"") | I50: =IFERROR(IF(F50="","",CEILING(G50/((IFERROR(B44,0)+IFERROR(G44,0))/(IFERROR('Getting Started'!C15,0)+IFERROR('Getting Started'!C23,0))),1)),"") | J50: =IFERROR(IF(F50="","",TEXT('Getting Started'!C10+(H50-1)*7,"MMM D")&" – "&TEXT('Getting Started'!C10+I50*7,"MMM D")),"")
A51: 5 | G51: =IFERROR(SUM(F47:F51),"") | H51: =IFERROR(IF(F51="","",FLOOR(G50/((IFERROR(B44,0)+IFERROR(G44,0))/(IFERROR('Getting Started'!C15,0)+IFERROR('Getting Started'!C23,0))),1)+1),"") | I51: =IFERROR(IF(F51="","",CEILING(G51/((IFERROR(B44,0)+IFERROR(G44,0))/(IFERROR('Getting Started'!C15,0)+IFERROR('Getting Started'!C23,0))),1)),"") | J51: =IFERROR(IF(F51="","",TEXT('Getting Started'!C10+(H51-1)*7,"MMM D")&" – "&TEXT('Getting Started'!C10+I51*7,"MMM D")),"")
A52: 6 | G52: =IFERROR(SUM(F47:F52),"") | H52: =IFERROR(IF(F52="","",FLOOR(G51/((IFERROR(B44,0)+IFERROR(G44,0))/(IFERROR('Getting Started'!C15,0)+IFERROR('Getting Started'!C23,0))),1)+1),"") | I52: =IFERROR(IF(F52="","",CEILING(G52/((IFERROR(B44,0)+IFERROR(G44,0))/(IFERROR('Getting Started'!C15,0)+IFERROR('Getting Started'!C23,0))),1)),"") | J52: =IFERROR(IF(F52="","",TEXT('Getting Started'!C10+(H52-1)*7,"MMM D")&" – "&TEXT('Getting Started'!C10+I52*7,"MMM D")),"")
A55: WRITING / COMPOSITION | E55: =IFERROR(IF('Course Content'!B28="","← enter on Course Content tab",'Course Content'!B28),"")
B56: ='Course Content'!D28 | C56: =IFERROR(IF(B56="","",ROUND(B56/'Getting Started'!C15,1)),"") | D56: =IFERROR(IF(C56="","",ROUND(C56/'Getting Started'!C7,1)),"") | E56: =IFERROR(IF(B56="","",TEXT('Getting Started'!C10+(B56/D56),"MMM D, YYYY")),"") | G56: ='Course Content'!E28 | H56: =IFERROR(IF(G56="","",ROUND(G56/'Getting Started'!C23,1)),"") | I56: =IFERROR(IF(H56="","",ROUND(H56/'Getting Started'!C7,1)),"") | J56: =IFERROR(IF(G56="","",TEXT('Getting Started'!C18+(G56/I56),"MMM D, YYYY")),"")
A57: Component Breakdown (optional — use for multi-volume curricula)
A58: # | B58: Book / Component Title | F58: Units | G58: Cumul. | H58: Start Week | I58: End Week | J58: Est. Dates
A59: 1 | G59: =IFERROR(SUM(F59:F59),"") | H59: =IF(F59="","",1) | I59: =IFERROR(IF(F59="","",CEILING(G59/((IFERROR(B56,0)+IFERROR(G56,0))/(IFERROR('Getting Started'!C15,0)+IFERROR('Getting Started'!C23,0))),1)),"") | J59: =IFERROR(IF(F59="","",TEXT('Getting Started'!C10+(H59-1)*7,"MMM D")&" – "&TEXT('Getting Started'!C10+I59*7,"MMM D")),"")
A60: 2 | G60: =IFERROR(SUM(F59:F60),"") | H60: =IFERROR(IF(F60="","",FLOOR(G59/((IFERROR(B56,0)+IFERROR(G56,0))/(IFERROR('Getting Started'!C15,0)+IFERROR('Getting Started'!C23,0))),1)+1),"") | I60: =IFERROR(IF(F60="","",CEILING(G60/((IFERROR(B56,0)+IFERROR(G56,0))/(IFERROR('Getting Started'!C15,0)+IFERROR('Getting Started'!C23,0))),1)),"") | J60: =IFERROR(IF(F60="","",TEXT('Getting Started'!C10+(H60-1)*7,"MMM D")&" – "&TEXT('Getting Started'!C10+I60*7,"MMM D")),"")
A61: 3 | G61: =IFERROR(SUM(F59:F61),"") | H61: =IFERROR(IF(F61="","",FLOOR(G60/((IFERROR(B56,0)+IFERROR(G56,0))/(IFERROR('Getting Started'!C15,0)+IFERROR('Getting Started'!C23,0))),1)+1),"") | I61: =IFERROR(IF(F61="","",CEILING(G61/((IFERROR(B56,0)+IFERROR(G56,0))/(IFERROR('Getting Started'!C15,0)+IFERROR('Getting Started'!C23,0))),1)),"") | J61: =IFERROR(IF(F61="","",TEXT('Getting Started'!C10+(H61-1)*7,"MMM D")&" – "&TEXT('Getting Started'!C10+I61*7,"MMM D")),"")
A62: 4 | G62: =IFERROR(SUM(F59:F62),"") | H62: =IFERROR(IF(F62="","",FLOOR(G61/((IFERROR(B56,0)+IFERROR(G56,0))/(IFERROR('Getting Started'!C15,0)+IFERROR('Getting Started'!C23,0))),1)+1),"") | I62: =IFERROR(IF(F62="","",CEILING(G62/((IFERROR(B56,0)+IFERROR(G56,0))/(IFERROR('Getting Started'!C15,0)+IFERROR('Getting Started'!C23,0))),1)),"") | J62: =IFERROR(IF(F62="","",TEXT('Getting Started'!C10+(H62-1)*7,"MMM D")&" – "&TEXT('Getting Started'!C10+I62*7,"MMM D")),"")
A63: 5 | G63: =IFERROR(SUM(F59:F63),"") | H63: =IFERROR(IF(F63="","",FLOOR(G62/((IFERROR(B56,0)+IFERROR(G56,0))/(IFERROR('Getting Started'!C15,0)+IFERROR('Getting Started'!C23,0))),1)+1),"") | I63: =IFERROR(IF(F63="","",CEILING(G63/((IFERROR(B56,0)+IFERROR(G56,0))/(IFERROR('Getting Started'!C15,0)+IFERROR('Getting Started'!C23,0))),1)),"") | J63: =IFERROR(IF(F63="","",TEXT('Getting Started'!C10+(H63-1)*7,"MMM D")&" – "&TEXT('Getting Started'!C10+I63*7,"MMM D")),"")
A64: 6 | G64: =IFERROR(SUM(F59:F64),"") | H64: =IFERROR(IF(F64="","",FLOOR(G63/((IFERROR(B56,0)+IFERROR(G56,0))/(IFERROR('Getting Started'!C15,0)+IFERROR('Getting Started'!C23,0))),1)+1),"") | I64: =IFERROR(IF(F64="","",CEILING(G64/((IFERROR(B56,0)+IFERROR(G56,0))/(IFERROR('Getting Started'!C15,0)+IFERROR('Getting Started'!C23,0))),1)),"") | J64: =IFERROR(IF(F64="","",TEXT('Getting Started'!C10+(H64-1)*7,"MMM D")&" – "&TEXT('Getting Started'!C10+I64*7,"MMM D")),"")
A67: SCIENCE | E67: =IFERROR(IF('Course Content'!B29="","← enter on Course Content tab",'Course Content'!B29),"")
B68: ='Course Content'!D29 | C68: =IFERROR(IF(B68="","",ROUND(B68/'Getting Started'!C15,1)),"") | D68: =IFERROR(IF(C68="","",ROUND(C68/'Getting Started'!C7,1)),"") | E68: =IFERROR(IF(B68="","",TEXT('Getting Started'!C10+(B68/D68),"MMM D, YYYY")),"") | G68: ='Course Content'!E29 | H68: =IFERROR(IF(G68="","",ROUND(G68/'Getting Started'!C23,1)),"") | I68: =IFERROR(IF(H68="","",ROUND(H68/'Getting Started'!C7,1)),"") | J68: =IFERROR(IF(G68="","",TEXT('Getting Started'!C18+(G68/I68),"MMM D, YYYY")),"")
A69: Component Breakdown (optional — use for multi-volume curricula)
A70: # | B70: Book / Component Title | F70: Units | G70: Cumul. | H70: Start Week | I70: End Week | J70: Est. Dates
A71: 1 | G71: =IFERROR(SUM(F71:F71),"") | H71: =IF(F71="","",1) | I71: =IFERROR(IF(F71="","",CEILING(G71/((IFERROR(B68,0)+IFERROR(G68,0))/(IFERROR('Getting Started'!C15,0)+IFERROR('Getting Started'!C23,0))),1)),"") | J71: =IFERROR(IF(F71="","",TEXT('Getting Started'!C10+(H71-1)*7,"MMM D")&" – "&TEXT('Getting Started'!C10+I71*7,"MMM D")),"")
A72: 2 | G72: =IFERROR(SUM(F71:F72),"") | H72: =IFERROR(IF(F72="","",FLOOR(G71/((IFERROR(B68,0)+IFERROR(G68,0))/(IFERROR('Getting Started'!C15,0)+IFERROR('Getting Started'!C23,0))),1)+1),"") | I72: =IFERROR(IF(F72="","",CEILING(G72/((IFERROR(B68,0)+IFERROR(G68,0))/(IFERROR('Getting Started'!C15,0)+IFERROR('Getting Started'!C23,0))),1)),"") | J72: =IFERROR(IF(F72="","",TEXT('Getting Started'!C10+(H72-1)*7,"MMM D")&" – "&TEXT('Getting Started'!C10+I72*7,"MMM D")),"")
A73: 3 | G73: =IFERROR(SUM(F71:F73),"") | H73: =IFERROR(IF(F73="","",FLOOR(G72/((IFERROR(B68,0)+IFERROR(G68,0))/(IFERROR('Getting Started'!C15,0)+IFERROR('Getting Started'!C23,0))),1)+1),"") | I73: =IFERROR(IF(F73="","",CEILING(G73/((IFERROR(B68,0)+IFERROR(G68,0))/(IFERROR('Getting Started'!C15,0)+IFERROR('Getting Started'!C23,0))),1)),"") | J73: =IFERROR(IF(F73="","",TEXT('Getting Started'!C10+(H73-1)*7,"MMM D")&" – "&TEXT('Getting Started'!C10+I73*7,"MMM D")),"")
A74: 4 | G74: =IFERROR(SUM(F71:F74),"") | H74: =IFERROR(IF(F74="","",FLOOR(G73/((IFERROR(B68,0)+IFERROR(G68,0))/(IFERROR('Getting Started'!C15,0)+IFERROR('Getting Started'!C23,0))),1)+1),"") | I74: =IFERROR(IF(F74="","",CEILING(G74/((IFERROR(B68,0)+IFERROR(G68,0))/(IFERROR('Getting Started'!C15,0)+IFERROR('Getting Started'!C23,0))),1)),"") | J74: =IFERROR(IF(F74="","",TEXT('Getting Started'!C10+(H74-1)*7,"MMM D")&" – "&TEXT('Getting Started'!C10+I74*7,"MMM D")),"")
A75: 5 | G75: =IFERROR(SUM(F71:F75),"") | H75: =IFERROR(IF(F75="","",FLOOR(G74/((IFERROR(B68,0)+IFERROR(G68,0))/(IFERROR('Getting Started'!C15,0)+IFERROR('Getting Started'!C23,0))),1)+1),"") | I75: =IFERROR(IF(F75="","",CEILING(G75/((IFERROR(B68,0)+IFERROR(G68,0))/(IFERROR('Getting Started'!C15,0)+IFERROR('Getting Started'!C23,0))),1)),"") | J75: =IFERROR(IF(F75="","",TEXT('Getting Started'!C10+(H75-1)*7,"MMM D")&" – "&TEXT('Getting Started'!C10+I75*7,"MMM D")),"")
A76: 6 | G76: =IFERROR(SUM(F71:F76),"") | H76: =IFERROR(IF(F76="","",FLOOR(G75/((IFERROR(B68,0)+IFERROR(G68,0))/(IFERROR('Getting Started'!C15,0)+IFERROR('Getting Started'!C23,0))),1)+1),"") | I76: =IFERROR(IF(F76="","",CEILING(G76/((IFERROR(B68,0)+IFERROR(G68,0))/(IFERROR('Getting Started'!C15,0)+IFERROR('Getting Started'!C23,0))),1)),"") | J76: =IFERROR(IF(F76="","",TEXT('Getting Started'!C10+(H76-1)*7,"MMM D")&" – "&TEXT('Getting Started'!C10+I76*7,"MMM D")),"")
A79: SOCIAL STUDIES / HISTORY | E79: =IFERROR(IF('Course Content'!B30="","← enter on Course Content tab",'Course Content'!B30),"")
B80: ='Course Content'!D30 | C80: =IFERROR(IF(B80="","",ROUND(B80/'Getting Started'!C15,1)),"") | D80: =IFERROR(IF(C80="","",ROUND(C80/'Getting Started'!C7,1)),"") | E80: =IFERROR(IF(B80="","",TEXT('Getting Started'!C10+(B80/D80),"MMM D, YYYY")),"") | G80: ='Course Content'!E30 | H80: =IFERROR(IF(G80="","",ROUND(G80/'Getting Started'!C23,1)),"") | I80: =IFERROR(IF(H80="","",ROUND(H80/'Getting Started'!C7,1)),"") | J80: =IFERROR(IF(G80="","",TEXT('Getting Started'!C18+(G80/I80),"MMM D, YYYY")),"")
A81: Component Breakdown (optional — use for multi-volume curricula)
A82: # | B82: Book / Component Title | F82: Units | G82: Cumul. | H82: Start Week | I82: End Week | J82: Est. Dates
A83: 1 | G83: =IFERROR(SUM(F83:F83),"") | H83: =IF(F83="","",1) | I83: =IFERROR(IF(F83="","",CEILING(G83/((IFERROR(B80,0)+IFERROR(G80,0))/(IFERROR('Getting Started'!C15,0)+IFERROR('Getting Started'!C23,0))),1)),"") | J83: =IFERROR(IF(F83="","",TEXT('Getting Started'!C10+(H83-1)*7,"MMM D")&" – "&TEXT('Getting Started'!C10+I83*7,"MMM D")),"")
A84: 2 | G84: =IFERROR(SUM(F83:F84),"") | H84: =IFERROR(IF(F84="","",FLOOR(G83/((IFERROR(B80,0)+IFERROR(G80,0))/(IFERROR('Getting Started'!C15,0)+IFERROR('Getting Started'!C23,0))),1)+1),"") | I84: =IFERROR(IF(F84="","",CEILING(G84/((IFERROR(B80,0)+IFERROR(G80,0))/(IFERROR('Getting Started'!C15,0)+IFERROR('Getting Started'!C23,0))),1)),"") | J84: =IFERROR(IF(F84="","",TEXT('Getting Started'!C10+(H84-1)*7,"MMM D")&" – "&TEXT('Getting Started'!C10+I84*7,"MMM D")),"")
A85: 3 | G85: =IFERROR(SUM(F83:F85),"") | H85: =IFERROR(IF(F85="","",FLOOR(G84/((IFERROR(B80,0)+IFERROR(G80,0))/(IFERROR('Getting Started'!C15,0)+IFERROR('Getting Started'!C23,0))),1)+1),"") | I85: =IFERROR(IF(F85="","",CEILING(G85/((IFERROR(B80,0)+IFERROR(G80,0))/(IFERROR('Getting Started'!C15,0)+IFERROR('Getting Started'!C23,0))),1)),"") | J85: =IFERROR(IF(F85="","",TEXT('Getting Started'!C10+(H85-1)*7,"MMM D")&" – "&TEXT('Getting Started'!C10+I85*7,"MMM D")),"")
A86: 4 | G86: =IFERROR(SUM(F83:F86),"") | H86: =IFERROR(IF(F86="","",FLOOR(G85/((IFERROR(B80,0)+IFERROR(G80,0))/(IFERROR('Getting Started'!C15,0)+IFERROR('Getting Started'!C23,0))),1)+1),"") | I86: =IFERROR(IF(F86="","",CEILING(G86/((IFERROR(B80,0)+IFERROR(G80,0))/(IFERROR('Getting Started'!C15,0)+IFERROR('Getting Started'!C23,0))),1)),"") | J86: =IFERROR(IF(F86="","",TEXT('Getting Started'!C10+(H86-1)*7,"MMM D")&" – "&TEXT('Getting Started'!C10+I86*7,"MMM D")),"")
A87: 5 | G87: =IFERROR(SUM(F83:F87),"") | H87: =IFERROR(IF(F87="","",FLOOR(G86/((IFERROR(B80,0)+IFERROR(G80,0))/(IFERROR('Getting Started'!C15,0)+IFERROR('Getting Started'!C23,0))),1)+1),"") | I87: =IFERROR(IF(F87="","",CEILING(G87/((IFERROR(B80,0)+IFERROR(G80,0))/(IFERROR('Getting Started'!C15,0)+IFERROR('Getting Started'!C23,0))),1)),"") | J87: =IFERROR(IF(F87="","",TEXT('Getting Started'!C10+(H87-1)*7,"MMM D")&" – "&TEXT('Getting Started'!C10+I87*7,"MMM D")),"")
A88: 6 | G88: =IFERROR(SUM(F83:F88),"") | H88: =IFERROR(IF(F88="","",FLOOR(G87/((IFERROR(B80,0)+IFERROR(G80,0))/(IFERROR('Getting Started'!C15,0)+IFERROR('Getting Started'!C23,0))),1)+1),"") | I88: =IFERROR(IF(F88="","",CEILING(G88/((IFERROR(B80,0)+IFERROR(G80,0))/(IFERROR('Getting Started'!C15,0)+IFERROR('Getting Started'!C23,0))),1)),"") | J88: =IFERROR(IF(F88="","",TEXT('Getting Started'!C10+(H88-1)*7,"MMM D")&" – "&TEXT('Getting Started'!C10+I88*7,"MMM D")),"")
A91: HEALTH | E91: =IFERROR(IF('Course Content'!B31="","← enter on Course Content tab",'Course Content'!B31),"")
B92: ='Course Content'!D31 | C92: =IFERROR(IF(B92="","",ROUND(B92/'Getting Started'!C15,1)),"") | D92: =IFERROR(IF(C92="","",ROUND(C92/'Getting Started'!C7,1)),"") | E92: =IFERROR(IF(B92="","",TEXT('Getting Started'!C10+(B92/D92),"MMM D, YYYY")),"") | G92: ='Course Content'!E31 | H92: =IFERROR(IF(G92="","",ROUND(G92/'Getting Started'!C23,1)),"") | I92: =IFERROR(IF(H92="","",ROUND(H92/'Getting Started'!C7,1)),"") | J92: =IFERROR(IF(G92="","",TEXT('Getting Started'!C18+(G92/I92),"MMM D, YYYY")),"")
A93: Component Breakdown (optional — use for multi-volume curricula)
A94: # | B94: Book / Component Title | F94: Units | G94: Cumul. | H94: Start Week | I94: End Week | J94: Est. Dates
A95: 1 | G95: =IFERROR(SUM(F95:F95),"") | H95: =IF(F95="","",1) | I95: =IFERROR(IF(F95="","",CEILING(G95/((IFERROR(B92,0)+IFERROR(G92,0))/(IFERROR('Getting Started'!C15,0)+IFERROR('Getting Started'!C23,0))),1)),"") | J95: =IFERROR(IF(F95="","",TEXT('Getting Started'!C10+(H95-1)*7,"MMM D")&" – "&TEXT('Getting Started'!C10+I95*7,"MMM D")),"")
A96: 2 | G96: =IFERROR(SUM(F95:F96),"") | H96: =IFERROR(IF(F96="","",FLOOR(G95/((IFERROR(B92,0)+IFERROR(G92,0))/(IFERROR('Getting Started'!C15,0)+IFERROR('Getting Started'!C23,0))),1)+1),"") | I96: =IFERROR(IF(F96="","",CEILING(G96/((IFERROR(B92,0)+IFERROR(G92,0))/(IFERROR('Getting Started'!C15,0)+IFERROR('Getting Started'!C23,0))),1)),"") | J96: =IFERROR(IF(F96="","",TEXT('Getting Started'!C10+(H96-1)*7,"MMM D")&" – "&TEXT('Getting Started'!C10+I96*7,"MMM D")),"")
A97: 3 | G97: =IFERROR(SUM(F95:F97),"") | H97: =IFERROR(IF(F97="","",FLOOR(G96/((IFERROR(B92,0)+IFERROR(G92,0))/(IFERROR('Getting Started'!C15,0)+IFERROR('Getting Started'!C23,0))),1)+1),"") | I97: =IFERROR(IF(F97="","",CEILING(G97/((IFERROR(B92,0)+IFERROR(G92,0))/(IFERROR('Getting Started'!C15,0)+IFERROR('Getting Started'!C23,0))),1)),"") | J97: =IFERROR(IF(F97="","",TEXT('Getting Started'!C10+(H97-1)*7,"MMM D")&" – "&TEXT('Getting Started'!C10+I97*7,"MMM D")),"")
A98: 4 | G98: =IFERROR(SUM(F95:F98),"") | H98: =IFERROR(IF(F98="","",FLOOR(G97/((IFERROR(B92,0)+IFERROR(G92,0))/(IFERROR('Getting Started'!C15,0)+IFERROR('Getting Started'!C23,0))),1)+1),"") | I98: =IFERROR(IF(F98="","",CEILING(G98/((IFERROR(B92,0)+IFERROR(G92,0))/(IFERROR('Getting Started'!C15,0)+IFERROR('Getting Started'!C23,0))),1)),"") | J98: =IFERROR(IF(F98="","",TEXT('Getting Started'!C10+(H98-1)*7,"MMM D")&" – "&TEXT('Getting Started'!C10+I98*7,"MMM D")),"")
A99: 5 | G99: =IFERROR(SUM(F95:F99),"") | H99: =IFERROR(IF(F99="","",FLOOR(G98/((IFERROR(B92,0)+IFERROR(G92,0))/(IFERROR('Getting Started'!C15,0)+IFERROR('Getting Started'!C23,0))),1)+1),"") | I99: =IFERROR(IF(F99="","",CEILING(G99/((IFERROR(B92,0)+IFERROR(G92,0))/(IFERROR('Getting Started'!C15,0)+IFERROR('Getting Started'!C23,0))),1)),"") | J99: =IFERROR(IF(F99="","",TEXT('Getting Started'!C10+(H99-1)*7,"MMM D")&" – "&TEXT('Getting Started'!C10+I99*7,"MMM D")),"")
A100: 6 | G100: =IFERROR(SUM(F95:F100),"") | H100: =IFERROR(IF(F100="","",FLOOR(G99/((IFERROR(B92,0)+IFERROR(G92,0))/(IFERROR('Getting Started'!C15,0)+IFERROR('Getting Started'!C23,0))),1)+1),"") | I100: =IFERROR(IF(F100="","",CEILING(G100/((IFERROR(B92,0)+IFERROR(G92,0))/(IFERROR('Getting Started'!C15,0)+IFERROR('Getting Started'!C23,0))),1)),"") | J100: =IFERROR(IF(F100="","",TEXT('Getting Started'!C10+(H100-1)*7,"MMM D")&" – "&TEXT('Getting Started'!C10+I100*7,"MMM D")),"")
A103: PHYSICAL EDUCATION | E103: =IFERROR(IF('Course Content'!B32="","← enter on Course Content tab",'Course Content'!B32),"")
B104: ='Course Content'!D32 | C104: =IFERROR(IF(B104="","",ROUND(B104/'Getting Started'!C15,1)),"") | D104: =IFERROR(IF(C104="","",ROUND(C104/'Getting Started'!C7,1)),"") | E104: =IFERROR(IF(B104="","",TEXT('Getting Started'!C10+(B104/D104),"MMM D, YYYY")),"") | G104: ='Course Content'!E32 | H104: =IFERROR(IF(G104="","",ROUND(G104/'Getting Started'!C23,1)),"") | I104: =IFERROR(IF(H104="","",ROUND(H104/'Getting Started'!C7,1)),"") | J104: =IFERROR(IF(G104="","",TEXT('Getting Started'!C18+(G104/I104),"MMM D, YYYY")),"")
A105: Component Breakdown (optional — use for multi-volume curricula)
A106: # | B106: Book / Component Title | F106: Units | G106: Cumul. | H106: Start Week | I106: End Week | J106: Est. Dates
A107: 1 | G107: =IFERROR(SUM(F107:F107),"") | H107: =IF(F107="","",1) | I107: =IFERROR(IF(F107="","",CEILING(G107/((IFERROR(B104,0)+IFERROR(G104,0))/(IFERROR('Getting Started'!C15,0)+IFERROR('Getting Started'!C23,0))),1)),"") | J107: =IFERROR(IF(F107="","",TEXT('Getting Started'!C10+(H107-1)*7,"MMM D")&" – "&TEXT('Getting Started'!C10+I107*7,"MMM D")),"")
A108: 2 | G108: =IFERROR(SUM(F107:F108),"") | H108: =IFERROR(IF(F108="","",FLOOR(G107/((IFERROR(B104,0)+IFERROR(G104,0))/(IFERROR('Getting Started'!C15,0)+IFERROR('Getting Started'!C23,0))),1)+1),"") | I108: =IFERROR(IF(F108="","",CEILING(G108/((IFERROR(B104,0)+IFERROR(G104,0))/(IFERROR('Getting Started'!C15,0)+IFERROR('Getting Started'!C23,0))),1)),"") | J108: =IFERROR(IF(F108="","",TEXT('Getting Started'!C10+(H108-1)*7,"MMM D")&" – "&TEXT('Getting Started'!C10+I108*7,"MMM D")),"")
A109: 3 | G109: =IFERROR(SUM(F107:F109),"") | H109: =IFERROR(IF(F109="","",FLOOR(G108/((IFERROR(B104,0)+IFERROR(G104,0))/(IFERROR('Getting Started'!C15,0)+IFERROR('Getting Started'!C23,0))),1)+1),"") | I109: =IFERROR(IF(F109="","",CEILING(G109/((IFERROR(B104,0)+IFERROR(G104,0))/(IFERROR('Getting Started'!C15,0)+IFERROR('Getting Started'!C23,0))),1)),"") | J109: =IFERROR(IF(F109="","",TEXT('Getting Started'!C10+(H109-1)*7,"MMM D")&" – "&TEXT('Getting Started'!C10+I109*7,"MMM D")),"")
A110: 4 | G110: =IFERROR(SUM(F107:F110),"") | H110: =IFERROR(IF(F110="","",FLOOR(G109/((IFERROR(B104,0)+IFERROR(G104,0))/(IFERROR('Getting Started'!C15,0)+IFERROR('Getting Started'!C23,0))),1)+1),"") | I110: =IFERROR(IF(F110="","",CEILING(G110/((IFERROR(B104,0)+IFERROR(G104,0))/(IFERROR('Getting Started'!C15,0)+IFERROR('Getting Started'!C23,0))),1)),"") | J110: =IFERROR(IF(F110="","",TEXT('Getting Started'!C10+(H110-1)*7,"MMM D")&" – "&TEXT('Getting Started'!C10+I110*7,"MMM D")),"")
A111: 5 | G111: =IFERROR(SUM(F107:F111),"") | H111: =IFERROR(IF(F111="","",FLOOR(G110/((IFERROR(B104,0)+IFERROR(G104,0))/(IFERROR('Getting Started'!C15,0)+IFERROR('Getting Started'!C23,0))),1)+1),"") | I111: =IFERROR(IF(F111="","",CEILING(G111/((IFERROR(B104,0)+IFERROR(G104,0))/(IFERROR('Getting Started'!C15,0)+IFERROR('Getting Started'!C23,0))),1)),"") | J111: =IFERROR(IF(F111="","",TEXT('Getting Started'!C10+(H111-1)*7,"MMM D")&" – "&TEXT('Getting Started'!C10+I111*7,"MMM D")),"")
A112: 6 | G112: =IFERROR(SUM(F107:F112),"") | H112: =IFERROR(IF(F112="","",FLOOR(G111/((IFERROR(B104,0)+IFERROR(G104,0))/(IFERROR('Getting Started'!C15,0)+IFERROR('Getting Started'!C23,0))),1)+1),"") | I112: =IFERROR(IF(F112="","",CEILING(G112/((IFERROR(B104,0)+IFERROR(G104,0))/(IFERROR('Getting Started'!C15,0)+IFERROR('Getting Started'!C23,0))),1)),"") | J112: =IFERROR(IF(F112="","",TEXT('Getting Started'!C10+(H112-1)*7,"MMM D")&" – "&TEXT('Getting Started'!C10+I112*7,"MMM D")),"")
A115: ART / MUSIC | E115: =IFERROR(IF('Course Content'!B33="","← enter on Course Content tab",'Course Content'!B33),"")
B116: ='Course Content'!D33 | C116: =IFERROR(IF(B116="","",ROUND(B116/'Getting Started'!C15,1)),"") | D116: =IFERROR(IF(C116="","",ROUND(C116/'Getting Started'!C7,1)),"") | E116: =IFERROR(IF(B116="","",TEXT('Getting Started'!C10+(B116/D116),"MMM D, YYYY")),"") | G116: ='Course Content'!E33 | H116: =IFERROR(IF(G116="","",ROUND(G116/'Getting Started'!C23,1)),"") | I116: =IFERROR(IF(H116="","",ROUND(H116/'Getting Started'!C7,1)),"") | J116: =IFERROR(IF(G116="","",TEXT('Getting Started'!C18+(G116/I116),"MMM D, YYYY")),"")
A117: Component Breakdown (optional — use for multi-volume curricula)
A118: # | B118: Book / Component Title | F118: Units | G118: Cumul. | H118: Start Week | I118: End Week | J118: Est. Dates
A119: 1 | G119: =IFERROR(SUM(F119:F119),"") | H119: =IF(F119="","",1) | I119: =IFERROR(IF(F119="","",CEILING(G119/((IFERROR(B116,0)+IFERROR(G116,0))/(IFERROR('Getting Started'!C15,0)+IFERROR('Getting Started'!C23,0))),1)),"") | J119: =IFERROR(IF(F119="","",TEXT('Getting Started'!C10+(H119-1)*7,"MMM D")&" – "&TEXT('Getting Started'!C10+I119*7,"MMM D")),"")
A120: 2 | G120: =IFERROR(SUM(F119:F120),"") | H120: =IFERROR(IF(F120="","",FLOOR(G119/((IFERROR(B116,0)+IFERROR(G116,0))/(IFERROR('Getting Started'!C15,0)+IFERROR('Getting Started'!C23,0))),1)+1),"") | I120: =IFERROR(IF(F120="","",CEILING(G120/((IFERROR(B116,0)+IFERROR(G116,0))/(IFERROR('Getting Started'!C15,0)+IFERROR('Getting Started'!C23,0))),1)),"") | J120: =IFERROR(IF(F120="","",TEXT('Getting Started'!C10+(H120-1)*7,"MMM D")&" – "&TEXT('Getting Started'!C10+I120*7,"MMM D")),"")
...
